test_run,function_name,latency_ms,timestamp,problem_id,detected_patterns,success
1,analyze_code_submission,48.2,2025-11-26T10:00:01Z,two-sum,edge_case_missing,true
2,analyze_code_submission,42.5,2025-11-26T10:00:02Z,two-sum,,true
3,analyze_code_submission,51.3,2025-11-26T10:00:03Z,reverse-string,suboptimal_time_complexity,true
4,analyze_code_submission,45.1,2025-11-26T10:00:04Z,valid-parentheses,edge_case_missing|wrong_data_structure,true
5,analyze_code_submission,44.8,2025-11-26T10:00:05Z,two-sum,suboptimal_time_complexity,true
1,get_recommended_problem,10.3,2025-11-26T10:00:06Z,,,true
2,get_recommended_problem,13.1,2025-11-26T10:00:07Z,,,true
3,get_recommended_problem,11.5,2025-11-26T10:00:08Z,,,true
4,get_recommended_problem,12.0,2025-11-26T10:00:09Z,,,true
5,get_recommended_problem,14.2,2025-11-26T10:00:10Z,,,true
1,track_user_progress,7.2,2025-11-26T10:00:11Z,two-sum,edge_case_missing,true
2,track_user_progress,9.1,2025-11-26T10:00:12Z,reverse-string,,true
3,track_user_progress,8.3,2025-11-26T10:00:13Z,valid-parentheses,suboptimal_time_complexity|wrong_data_structure,true
4,track_user_progress,8.0,2025-11-26T10:00:14Z,two-sum,off_by_one,true
5,track_user_progress,7.8,2025-11-26T10:00:15Z,two-sum,,true
6,analyze_code_submission,46.9,2025-11-26T10:05:01Z,two-sum,edge_case_missing,true
7,analyze_code_submission,43.2,2025-11-26T10:05:02Z,two-sum,,true
8,analyze_code_submission,50.7,2025-11-26T10:05:03Z,reverse-string,poor_naming,true
9,analyze_code_submission,47.5,2025-11-26T10:05:04Z,valid-parentheses,missing_validation,true
10,analyze_code_submission,44.1,2025-11-26T10:05:05Z,two-sum,hardcoding,true
6,get_recommended_problem,11.8,2025-11-26T10:05:06Z,,,true
7,get_recommended_problem,12.4,2025-11-26T10:05:07Z,,,true
8,get_recommended_problem,10.9,2025-11-26T10:05:08Z,,,true
9,get_recommended_problem,13.3,2025-11-26T10:05:09Z,,,true
10,get_recommended_problem,11.1,2025-11-26T10:05:10Z,,,true
6,track_user_progress,8.5,2025-11-26T10:05:11Z,two-sum,edge_case_missing|suboptimal_time_complexity,true
7,track_user_progress,7.6,2025-11-26T10:05:12Z,reverse-string,,true
8,track_user_progress,9.2,2025-11-26T10:05:13Z,valid-parentheses,inefficient_loops,true
9,track_user_progress,8.1,2025-11-26T10:05:14Z,two-sum,,true
10,track_user_progress,7.4,2025-11-26T10:05:15Z,two-sum,boundary_condition,true
11,analyze_code_submission,42.8,2025-11-26T10:10:01Z,two-sum,,true
12,analyze_code_submission,49.6,2025-11-26T10:10:02Z,reverse-string,duplicate_handling,true
13,analyze_code_submission,45.9,2025-11-26T10:10:03Z,valid-parentheses,missing_base_case,true
14,analyze_code_submission,41.3,2025-11-26T10:10:04Z,two-sum,ignoring_constraints,true
15,analyze_code_submission,47.2,2025-11-26T10:10:05Z,two-sum,edge_case_missing|suboptimal_space_complexity,true
11,get_recommended_problem,12.7,2025-11-26T10:10:06Z,,,true
12,get_recommended_problem,10.6,2025-11-26T10:10:07Z,,,true
13,get_recommended_problem,13.5,2025-11-26T10:10:08Z,,,true
14,get_recommended_problem,11.9,2025-11-26T10:10:09Z,,,true
15,get_recommended_problem,12.2,2025-11-26T10:10:10Z,,,true
11,track_user_progress,8.8,2025-11-26T10:10:11Z,two-sum,,true
12,track_user_progress,7.1,2025-11-26T10:10:12Z,reverse-string,poor_naming,true
13,track_user_progress,9.5,2025-11-26T10:10:13Z,valid-parentheses,,true
14,track_user_progress,7.9,2025-11-26T10:10:14Z,two-sum,edge_case_missing,true
15,track_user_progress,8.6,2025-11-26T10:10:15Z,two-sum,,true
16,analyze_code_submission,48.5,2025-11-26T10:15:01Z,reverse-string,suboptimal_time_complexity,true
17,analyze_code_submission,43.9,2025-11-26T10:15:02Z,two-sum,,true
18,analyze_code_submission,46.3,2025-11-26T10:15:03Z,valid-parentheses,wrong_data_structure,true
19,analyze_code_submission,44.7,2025-11-26T10:15:04Z,two-sum,edge_case_missing,true
20,analyze_code_submission,51.1,2025-11-26T10:15:05Z,reverse-string,inefficient_loops|off_by_one,true
16,get_recommended_problem,11.4,2025-11-26T10:15:06Z,,,true
17,get_recommended_problem,13.7,2025-11-26T10:15:07Z,,,true
18,get_recommended_problem,10.2,2025-11-26T10:15:08Z,,,true
19,get_recommended_problem,12.9,2025-11-26T10:15:09Z,,,true
20,get_recommended_problem,11.6,2025-11-26T10:15:10Z,,,true
16,track_user_progress,7.7,2025-11-26T10:15:11Z,two-sum,,true
17,track_user_progress,8.9,2025-11-26T10:15:12Z,reverse-string,suboptimal_time_complexity,true
18,track_user_progress,7.3,2025-11-26T10:15:13Z,valid-parentheses,,true
19,track_user_progress,9.0,2025-11-26T10:15:14Z,two-sum,missing_validation|hardcoding,true
20,track_user_progress,8.2,2025-11-26T10:15:15Z,two-sum,,true
21,analyze_code_submission,45.6,2025-11-26T10:20:01Z,two-sum,boundary_condition,true
22,analyze_code_submission,42.1,2025-11-26T10:20:02Z,reverse-string,,true
23,analyze_code_submission,49.8,2025-11-26T10:20:03Z,valid-parentheses,duplicate_handling,true
24,analyze_code_submission,47.0,2025-11-26T10:20:04Z,two-sum,suboptimal_space_complexity,true
25,analyze_code_submission,44.4,2025-11-26T10:20:05Z,two-sum,,true
21,get_recommended_problem,12.5,2025-11-26T10:20:06Z,,,true
22,get_recommended_problem,10.8,2025-11-26T10:20:07Z,,,true
23,get_recommended_problem,13.0,2025-11-26T10:20:08Z,,,true
24,get_recommended_problem,11.3,2025-11-26T10:20:09Z,,,true
25,get_recommended_problem,14.1,2025-11-26T10:20:10Z,,,true
21,track_user_progress,8.4,2025-11-26T10:20:11Z,two-sum,ignoring_constraints,true
22,track_user_progress,7.5,2025-11-26T10:20:12Z,reverse-string,,true
23,track_user_progress,9.3,2025-11-26T10:20:13Z,valid-parentheses,missing_base_case,true
24,track_user_progress,7.8,2025-11-26T10:20:14Z,two-sum,,true
25,track_user_progress,8.7,2025-11-26T10:20:15Z,two-sum,edge_case_missing,true
